,x1,x2,label
905,0.9991254369880858,0.17440714877557156,0
556,-0.28247759582245313,-0.13026929976607415,1
1360,0.9042289466248924,0.482304140501357,0
402,-0.8652336328042077,-0.5811047085723818,0
292,0.6501931088372601,-0.7470050027011431,0
110,-0.09889643144390364,1.057486913757966,0
1461,0.7145180932300839,-0.14674877729365013,2
331,-0.22746607787802883,-0.24601524826778326,1
614,-1.0188969605318803,-0.2888449510955165,0
921,-0.6329997274851119,0.1639343665233238,2
1389,0.9369464351924716,-0.16495432072986688,0
1023,0.8726982807530175,-0.498140695374666,0
1215,0.4971075210302652,-0.4416133636308408,2
1134,-0.663530743901201,-0.12897933967663788,2
386,-0.7763949486892188,0.541487553155042,0
544,0.9438448537802401,0.18916737904398193,0
367,-0.7650137596408318,-0.638242631552885,0
563,-0.22150198366512153,0.15645592103015318,1
1000,-0.3350584679067489,-0.5797395746161327,2
1453,0.29404333786445297,0.9288657951925553,0
118,0.3079156864250216,0.03385518732020126,1
1485,-0.38900897429608516,0.6513218027111808,2
1227,-0.44029291924186836,0.5495869038116618,2
1064,-0.5273237385914956,0.45946604323384016,2
1170,-0.5818782944961091,0.3507221429520324,2
826,0.5987132654181506,0.4184933455383945,2
486,0.14221101103845896,0.20711256117590923,1
476,-0.38245025884476946,0.04126589851107041,1
71,-0.223986859042838,0.22879125380429266,1
772,0.4151928137895715,-0.5551147178494719,2
881,-0.8177406472014002,-0.527980172907356,0
1334,-0.6439620497294188,-0.24397118751284447,2
591,-0.3513992650325801,-0.04496454728747944,1
860,-0.09889643144390364,1.057486913757966,0
990,0.1388015530056973,-0.7430145559315053,2
711,0.32160319293860845,-0.07179625145936025,1
1437,-0.9547792698434229,0.3926340026559808,0
872,-0.6131153387955778,0.4124213268368551,2
1071,0.5539177654147955,-0.8115632921121293,0
670,-0.3769746061077595,-0.9574191970214727,0
786,-0.6076998494056572,0.4410812637477367,2
1205,-0.9161742792790707,-0.3095746744407687,0
1384,0.8185892560049527,-0.5513644674386879,0
478,0.3087684722262293,0.0010453848620105583,1
569,0.32303621348850875,-0.9315811793749444,0
267,-0.1462002275739692,0.2502862134009496,1
474,0.22857719401764004,0.031534539819500135,1
1435,0.45426111316161133,-0.9367226654238193,0
1131,-0.6433706407916172,-0.1926476827044653,2
337,-0.2203718625960946,-0.18283731546707727,1
1451,0.18060312028663156,-0.7295295856330907,2
208,0.27291916620466716,-0.1169129899037262,1
1462,0.12338410218031173,0.9969845612183248,0
1234,-0.4154479239626376,0.5870182768173792,2
275,0.26824755516602683,0.10354404604090515,1
237,-1.0062092496797812,-0.000176004953924995,0
339,0.2262687517005587,0.30392903654496695,1
1488,1.0022545800853482,-0.19817983078379417,0
940,0.6863881252247197,0.06428561184693947,2
265,-0.050833501153754596,-0.3207916352262733,1
346,-0.9185615855046634,0.03320282793575227,0
1147,-0.4816993006636129,0.8528349573915185,0
1342,0.7552904962710141,-0.11857521931273057,2
519,0.1363049563994507,0.34482739112668864,1
123,0.20782404371376095,0.23126008279520405,1
721,0.27988190341772695,0.0849047415588561,1
788,-0.8711919699362685,0.4189924825265937,0
1185,-0.29984276349522543,-0.5899766706096571,2
1144,-0.7369358179989781,0.23592792942575372,2
193,0.8956577060591439,0.482333548755752,0
1168,-0.18918465849582408,0.6844028093495433,2
697,0.297868466234693,0.038043285519028504,1
282,-0.7232788115775991,-0.6183254411808826,0
157,0.1263913145873017,0.3446928577197492,1
722,-0.11468639537813613,0.21271271408313058,1
508,-0.04281419218615001,0.33939073536406483,1
1327,0.7087350021913018,0.024898915143907185,2
907,0.26895606607260203,0.7184244347023939,2
333,-0.48162979204539147,-0.8463949402208741,0
416,0.08969637921839597,-0.387050600008347,1
1140,0.43869726346650156,-0.5793670557738669,2
1270,-0.013738352826247333,0.7537624848647693,2
1010,-0.3324492457310561,-0.9314528763052,0
823,-0.658221424954017,-0.3195718332275427,2
1361,-0.04506918951290978,-0.561413856120407,2
278,-0.5172647776870649,-0.864667033427728,0
159,-0.19667560704104403,-0.19346055629317266,1
1125,0.12389680265497835,0.6183955569223779,2
668,-0.24630370389053158,-0.0028484631664583548,1
462,-0.08412981837132813,-0.3117796213051226,1
837,0.06798023294396402,0.7062845429346005,2
1439,0.5614823999081352,0.3368168372305695,2
1375,0.6279267432508076,0.2943235433682483,2
914,0.7108196611726691,-0.670056909630282,0
704,0.05820491674033143,0.3282325810166776,1
1474,0.5853310164036049,-0.40285570092722295,2
589,0.2257290863231627,0.21530473655057972,1
602,0.13235784924172597,0.21604249255687047,1
808,-0.42557323330691393,0.9519781761330708,0
1218,-0.20483229124080002,-0.6842706263905903,2
689,0.2109597278905898,0.14411536758988336,1
464,0.013738189541656252,0.32777224088339985,1
948,-0.12854360725130165,0.6827161487693061,2
186,-0.9169844920594963,-0.4918255067067325,0
328,-0.25591575961022633,0.23421416489802177,1
105,0.4735416662105282,0.9052853334768901,0
1388,0.2026491293843017,-0.7210526239353662,2
1301,0.5285087476784863,-0.8821780284071873,0
801,0.6026925938278049,0.825374378748498,0
991,-0.9190117778712852,0.027487193851210026,0
1471,0.6603045099357884,0.20851153930883506,2
913,0.5099181413589972,-0.4773930406542197,2
6,-0.992690196553085,0.2193359907881415,0
635,0.20201118551162456,0.24004517620233923,1
654,-0.24354259636600817,0.10909064156877546,1
374,0.12174692671062473,-0.3074713078221159,1
1444,-0.5303286171004823,-0.4350439195099015,2
701,0.10565059445234148,-0.3366146853416152,1
657,-0.12043377098328453,-0.2574861183491193,1
1366,-0.298156919072892,-0.6868339891177901,2
762,-0.3278124168838955,-0.5593894242185391,2
1455,1.0045001916089695,-0.14973557666844434,0
607,0.31580652797483494,0.09622887821329891,1
961,0.9385624358888366,0.43763636040785053,0
404,-0.26397051649465186,0.0598301287519891,1
1208,-0.598374709553985,-0.828144755359982,0
1446,-0.6454793625248039,-0.32547800958024864,2
137,0.15634109263464013,0.25392234537296315,1
1061,0.5498143513020184,0.335878114102528,2
358,0.7811413847234174,0.569758407872888,0
107,0.21648743704433435,0.14804826057350248,1
1078,-0.5509210065534959,0.5043472881464316,2
205,0.3057065892240393,0.910691272435002,0
164,0.7108196611726691,-0.670056909630282,0
57,1.013998088934523,0.033068755558575726,0
1060,0.15268119122085713,-0.6525536548872778,2
437,0.25775645414754694,0.3015199193446441,1
257,-0.06501384289370725,0.36430125334503305,1
178,0.010836269950333866,0.29201883931651446,1
288,0.05027858437669169,1.000926615389964,0
468,-0.09565151703387,-0.299459557756156,1
73,-0.30068485529351163,-0.14021854679152967,1
411,-0.8179974467934921,0.6027683703565956,0
60,0.06719832738987352,0.24112791392704414,1
642,0.2994795553274554,0.9198203040354376,0
813,-0.07599943861387307,0.9941306277441027,0
380,-0.24382466327874103,-0.0713541010734244,1
817,0.03795953439687182,1.0721709985256014,0
377,-0.2813068326598424,-0.11824511889274626,1
1438,0.655804193927009,-0.7463268089915581,0
1443,0.5326147786342617,-0.3904378278150713,2
244,0.25698397293826564,0.04308866250082179,1
49,0.5891702644673622,0.8982411664163865,0
271,-0.9684798652012218,-0.4902642428846784,0
865,0.8773654498389788,0.3530482217932259,0
1124,0.23575463169861535,-0.6908800234290662,2
1214,0.07382842518995908,0.7232329387785654,2
1033,-0.7066216752313349,-0.24072222233683058,2
1475,0.6322195493310581,-0.7672600276486459,0
1418,-0.6460194929467672,0.012227609901515456,2
1013,0.7466916927727971,0.0852275637045307,2
283,-0.3261990687132735,-0.11711542458685166,1
1076,-0.5773696511892641,0.32922988163072486,2
1272,-0.6195132862568181,0.38407651136723897,2
980,0.5260190973943569,0.5417871993472149,2
857,0.5487257967226593,0.3707985071687776,2
648,-0.2733544851049561,0.17245108304385287,1
330,0.11412539420139982,-0.343412388570028,1
1396,0.7689555444646146,0.5343067390309681,0
1217,0.3004643970883481,-0.6784748363221988,2
1419,0.59404408280954,0.4735689674004814,2
737,-0.003466214873453728,-0.32242119273515907,1
745,0.09376532245684302,0.9834991429909365,0
264,-0.9791310399889045,-0.37333835659699793,0
706,0.33469282674683487,-0.08325982731811671,1
1385,0.4330402668805316,0.5665808764892128,2
1376,-0.030826230631393624,-0.6829611181191,2
603,0.015877538286756584,0.44031204286456,1
522,-0.30499791340217053,0.13693266613110527,1
783,-0.40689927318629754,-0.8929144324613162,0
39,0.16576576903604334,0.22780976723477803,1
22,0.16411626927329123,-0.24372979722266253,1
624,-0.28357159395220494,0.13859225315260765,1
529,0.1038304123593648,-0.25709859605527074,1
804,-0.672226506812318,-0.26930189452556175,2
896,-0.6582154134806821,0.38528201010752494,2
168,-0.30950278444270557,-0.00987309258777641,1
1177,0.22241175705376176,0.9830939068694355,0
800,-0.07179367684636853,-0.6322796306972834,2
716,0.33007096099030164,0.8987537072796294,0
1309,1.012510302130983,-0.3039993562273649,0
1224,0.6260217182256433,-0.013608014129892307,2
316,0.02732255738185286,0.24485474567579352,1
1428,0.36509647849242266,0.912228121600779,0
1349,0.5924145391845876,0.28851134564731634,2
112,0.17839085966393914,1.0239331363102668,0
450,-0.47450034873930996,0.8208742176060022,0
541,-0.2889660063314461,-0.20581721333401243,1
52,-0.27332346325741663,-0.1535739391235351,1
551,0.5285087476784863,-0.8821780284071873,0
319,0.33390030148261773,0.007666672984531629,1
785,-0.5578332184977104,0.4391800188705193,2
249,-0.24872099000198386,0.9309488614229247,0
757,0.06135306400578726,0.6537899023884832,2
289,0.23547575816784808,0.10774326128816303,1
1038,0.05027858437669169,1.000926615389964,0
1130,-0.6324773564446106,-0.16595369988291428,2
740,-0.25224905191509384,-0.261732327057932,1
738,1.0022545800853482,-0.19817983078379417,0
7,-0.008656159584323142,0.2599641685768011,1
188,0.24637887200886552,-0.9931433692567749,0
1111,0.2822208074379759,0.6362782921854643,2
852,-0.7174761926552068,-0.732878971505217,0
960,-0.992625598981273,-0.43907173928074766,0
1356,-0.09173311073087373,-0.7281740340005832,2
755,-0.29300734216735747,-0.9401640054882053,0
1237,0.05140418336530632,0.6907872509847637,2
175,-0.1984383541402831,-0.23323632212072623,1
900,-0.7007983723295922,-0.04269822248334512,2
397,-0.4816993006636129,0.8528349573915185,0
1487,0.01663151239845419,-0.721915975377566,2
981,-0.7193733155735667,0.14440854010684695,2
1179,0.6258388601505986,0.7720318555672523,0
329,0.902234782226766,0.5884758946791789,0
165,-0.2396872717860494,0.992855917673332,0
695,-0.05180053342868984,0.2567717532921772,1
299,-0.6196994366305574,-0.8072895130765884,0
993,0.5452174386616702,-0.518021647140478,2
142,0.23433940865239308,0.028140740619500032,1
521,-0.09978780751941747,0.24971057255825668,1
458,-0.598374709553985,-0.828144755359982,0
234,0.06977488508401446,-0.3137940140684065,1
212,-0.29617088211327425,-0.06517584027393748,1
955,0.3057065892240393,0.910691272435002,0
884,0.09432899589516777,-0.9348531624152429,0
194,0.12437125696377874,-0.3223158361125047,1
1112,0.5122079076276809,0.4477735804036942,2
480,-0.13069507232080035,-0.24474190942320895,1
1262,0.392402964213334,-0.524685446488684,2
750,-0.7158168193388406,-0.019056275217250705,2
685,0.45426111316161133,-0.9367226654238193,0
885,-0.9442303929645078,0.053145508813511266,0
1207,-0.07660867798835556,-1.0222498971858935,0
460,-0.263294614989186,-0.18998127556207625,1
479,-0.21382877751347174,-0.26620967056949935,1
154,-0.25575988021207147,-0.13528896510088298,1
1088,0.3705102220846876,-0.5597630403115772,2
1447,0.6940530365133535,0.09315940179288372,2
1430,0.9856523569614046,-0.19130092914993044,0
407,0.20717194702655806,-0.11664076447561768,1
540,-0.9915083314551861,0.2316775166203977,0
409,0.22853596447112076,-0.05889651958391274,1
1073,0.2694759111547174,0.6145340942928995,2
133,-0.22193029479613963,0.17425102704592157,1
768,0.27882108537395967,-0.579625501344835,2
756,-0.992690196553085,0.2193359907881415,0
1387,0.16707737481759788,-0.9850570458148932,0
308,0.08784920024297366,-0.3092673079788586,1
1449,-0.8833805707708531,-0.5036569591986272,0
418,-0.08484805597986536,0.2982501538162338,1
971,0.3197399406721112,0.8924970100980033,0
1030,0.15343031023971343,-0.6364282794929065,2
1322,-0.22407155619689623,-0.9948082293067491,0
306,-0.47967836972538846,0.9122045410397329,0
979,-0.15176083338570281,-0.6713882892688313,2
63,-0.07599943861387307,0.9941306277441027,0
1021,-0.9684798652012218,-0.4902642428846784,0
1246,0.576918710529302,-0.2801616765359958,2
338,0.15617950409308892,-0.22203187011077125,1
1429,-0.7484966263615597,0.028496378573403713,2
68,-0.1667641860257539,-0.27329929590423285,1
1002,1.0073751709978342,0.15419086141704416,0
1325,0.3503101703252267,-0.9941433938161208,0
671,0.1678053757425343,-0.2077429264618898,1
520,-0.0036863146489123726,0.3538888091514493,1
557,-0.3581105601393163,-0.10419393990244817,1
256,-0.2538073357698363,0.2259909726658721,1
93,-0.18281717313582452,-0.11901882973825688,1
125,-0.13683047645643423,0.2620202383818621,1
1350,-0.11540096257408648,0.9282405506050951,0
179,0.23762206404287092,-0.05736670054580208,1
1040,-0.13412332109181313,-0.6159053554279709,2
61,0.33268704973309665,-0.026782050943531845,1
1424,0.15198221013690055,0.6613659058056764,2
790,0.6292688711682158,-0.27077290839070955,2
1411,-0.6614080888517083,-0.2551887787168605,2
349,0.9198161970838041,-0.30202315662982016,0
149,-0.18442211670504216,0.2930711321986987,1
1352,0.31171113567773884,0.573579062217376,2
510,0.21198423156503157,-0.16208839129930283,1
445,0.27015713863767277,-0.17664917940408334,1
890,0.5017667343716588,-0.43532977921186017,2
99,-0.33071495565038533,0.06567619042218886,1
201,-1.0260982354031818,-0.21795924497567207,0
677,0.9176293947473991,-0.5432959674516861,0
1399,-0.6933093901155387,-0.05902806973917908,2
1057,-0.634560325186759,0.7245422332537886,0
1497,0.09844487484355215,-0.6775260834497452,2
1242,0.6598519863594329,0.2754522463901224,2
765,0.5350670210125268,-0.46312241604345616,2
457,-0.07660867798835556,-1.0222498971858935,0
1043,0.7717927751976874,0.5340811310381887,0
1304,-0.6429667416398481,0.28398782514137866,2
1476,0.6687457908487298,0.20425825318340773,2
699,-0.8833805707708531,-0.5036569591986272,0
375,0.029297203845488444,0.2297428637565084,1
171,-0.23753902958994638,0.10384413087502095,1
1034,0.48992736738441756,0.42610162966360776,2
741,-0.1969487021350532,0.1940266157877544,1
196,-0.24012344764584972,0.007938601644122708,1
269,-0.06256500220773031,-1.01095037903824,0
997,0.702034951132086,-0.1102987467264242,2
763,0.48210009205205095,-0.5071303970779633,2
805,-0.9879843150800605,-0.20046075284495107,0
688,0.655804193927009,-0.7463268089915581,0
1433,1.0387224668457358,-0.09143935309774537,0
898,-0.43737158078409943,0.6380051443041648,2
1291,-0.6370395081992564,-0.40290814995332913,2
930,0.16487043754668276,-0.98940661235918,0
384,-0.2673461736225406,-0.07386322340278262,1
192,-0.5929300726432446,0.8128780303628476,0
285,-0.3166063099635441,0.1401850732904896,1
1324,-0.545908227832434,-0.9737435489519923,0
372,-0.2222025635777982,-0.2398781788977125,1
34,0.07543824808187506,0.31167601672721007,1
1364,-1.0188969605318803,-0.2888449510955165,0
217,0.3082372037151809,0.09001859102910123,1
983,0.6378152724249485,0.2825567999233412,2
19,-0.395496920880641,0.9183123154523964,0
579,-0.528584507244099,0.817464318696536,0
1427,0.9176293947473991,-0.5432959674516861,0
680,0.9856523569614046,-0.19130092914993044,0
195,-0.07187560090301169,-0.3775020946537249,1
1182,0.5075632804749772,0.4717280969101307,2
1041,0.12236854985135376,0.6679898005216458,2
1499,0.005875393287465551,0.7698354719934225,2
391,0.2955856281928675,0.08406199855675277,1
639,0.9369464351924716,-0.16495432072986688,0
964,-0.26968628322317323,0.6405270464673578,2
209,0.6489285366643633,0.8094404959870607,0
1282,-0.6374437910514674,0.1227281303410657,2
259,0.19998085665968704,-0.12233106612011518,1
390,0.22013952477279386,-0.24435583975701036,1
16,-0.748122474809977,0.5976899196432843,0
1037,-0.661537167944538,0.19808385721337055,2
773,-0.5394435907925016,-0.29174471325247486,2
429,0.6258388601505986,0.7720318555672523,0
1216,0.15478223455511317,0.6830892975685734,2
1292,-0.2465075866732527,0.6575066610726511,2
1341,-0.7493796718251001,-0.0851092332279655,2
681,-0.1179011801824725,0.28002886667587523,1
686,0.0283688836409568,0.2762574029285373,1
295,-0.8256105712768972,-0.5737445589563098,0
135,-0.9442303929645078,0.053145508813511266,0
239,-0.2961489981538657,0.0803998381793575,1
779,-0.4511389530431643,0.776118255873056,0
1101,-0.33964867319868985,0.5224671693910574,2
296,-0.137024645973627,-0.29839749861717424,1
1102,-0.6357959986774738,-0.1521569645072159,2
895,0.6895115377900669,0.818648832265863,0
1290,-0.9915083314551861,0.2316775166203977,0
120,0.026545570484649852,-0.2774878207190815,1
650,0.21884237067279294,0.28554424446037757,1
1249,0.46825374556485855,-0.8882131923226632,0
76,0.2609820952173446,0.20416262754679584,1
147,-0.20620235404506382,-0.33206271875343296,1
500,0.31981773420734905,0.1643185952750649,1
1281,0.42917977111474187,0.4990964591888938,2
1204,-0.5941025237888574,0.4143226902336848,2
601,-0.2504475283735776,0.12746890561699253,1
413,-0.980328525417758,0.017261974744149963,0
1323,0.3399442969106958,-0.5892458813842275,2
1222,0.9224508520814607,0.25843164109953276,0
583,0.3667774997124612,-0.017609083773491296,1
769,-0.395496920880641,0.9183123154523964,0
276,-0.9046316083785856,-0.3573603387915557,0
950,-0.8439071383192971,0.3830643941471548,0
378,0.7149770536347044,-0.7751084262574746,0
121,0.2713226370476535,-0.08422443699765472,1
1267,-0.4516073584676696,-0.45617607552538847,2
66,-0.35458084090732744,0.13449345158005876,1
530,-0.6905091450727021,0.7163796057091629,0
554,-0.27487400269350004,0.12743835840649773,1
260,-0.3324492457310561,-0.9314528763052,0
842,0.27240675532722997,-0.636495011044568,2
1400,0.42461818418539554,0.6285549069378384,2
915,-0.2396872717860494,0.992855917673332,0
74,0.03393804578564305,-0.31621170677888766,1
1344,0.7184477737800008,0.6299642340553004,0
221,0.3197399406721112,0.8924970100980033,0
1223,0.9915212441740735,-0.152591246673129,0
1335,-0.573047376449427,-0.4132977723211908,2
1261,-0.21439373102402065,0.6910458049119605,2
1481,-0.7176761218985847,0.33966055023293873,2
1109,0.7094900009709644,-0.14267748063005967,2
1467,0.4878564726844757,0.4781308941454598,2
853,-0.43291192986938126,0.5320019003190906,2
5,-0.29300734216735747,-0.9401640054882053,0
891,-0.39987538431083947,-0.5902409752129646,2
1029,-0.6564792776744897,0.3013142786443232,2
255,-0.31459863140406047,-0.16437387676702794,1
812,0.19625604364430607,0.9475276976719905,0
598,0.14892559308607736,-0.3239461473442818,1
1146,0.296708522584588,-0.8993053989188022,0
698,-0.011181273339543774,0.3135690352442923,1
1431,-0.2367178128132865,0.6619746845745323,2
426,-0.12199881851084918,0.3168549201924793,1
553,0.6555337253667222,-0.628676763199451,0
577,0.30886132647798187,0.034950953321242005,1
1252,0.41371211710074385,-0.5172981778663583,2
566,-0.4364975058657283,0.8959685377336357,0
796,-0.3240836041101197,0.5677462857296224,2
83,0.11115691810615926,-0.3344480936942321,1
1190,-0.7151309639558285,-0.20658461636948694,2
347,0.18413316053070594,-0.2766582569081024,1
1009,0.523587654409666,-0.3574451670371045,2
829,-0.18506820776887112,-0.6165244912030182,2
528,0.18046208682846224,-0.3494108433985902,1
1042,0.6501931088372601,-0.7470050027011431,0
1005,-0.6259835520308697,-0.4154504212833082,2
454,-0.26468948473748644,0.18741511058298227,1
759,-0.6756433879210755,0.7207970375926845,0
1015,-0.18396131896294904,-0.6979878495834192,2
1194,0.45686705136929423,-0.9053178369175822,0
776,0.5799327161473863,0.8460313748299592,0
87,0.05792819476662901,0.30641086722128064,1
973,-0.33635754256141337,0.5831675214804005,2
533,0.26730040104805164,-0.9874517465089975,0
1174,-0.9643646263736433,0.04322993821533028,0
401,-0.33781659280462417,-0.8770208094646995,0
1259,0.4616160469627424,-0.5291426064435171,2
1277,-0.38650793310900394,0.9494110173881618,0
281,0.8655321456984587,-0.5132246403417666,0
443,0.08289939435738239,-0.2487693477936683,1
219,-0.17722890136992953,-0.2752682579432655,1
232,0.5860144440358125,0.8614442595499071,0
1317,0.09834217631876194,1.0100576544968753,0
81,0.033672456741910925,0.9803604018113115,0
92,0.0709574746729257,-0.2909256441674339,1
422,0.9535705185768282,-0.03376889980761619,0
1047,-0.4163211152007976,-0.5396551323217965,2
611,0.0050641039128117085,-0.16456797559461578,1
320,-0.7185347692275182,0.6711502589160053,0
1494,-0.9495640140114829,-0.03387663453721118,0
420,-0.2612515005477584,0.11156014972902492,1
455,-0.9161742792790707,-0.3095746744407687,0
1225,-0.41147203510942454,0.5775784307536065,2
1337,-0.06376184056145001,0.652476099970077,2
806,-0.3114304937621742,0.589783342420358,2
1390,0.7165475733984855,0.24988842646289144,2
1084,-0.05220175996077805,0.6711830099670667,2
254,-0.924991346727964,-0.42755674934580373,0
511,-0.09078693327404162,0.3106231983938991,1
1160,-0.22927490550923685,-0.9748709215040441,0
691,0.1539141558769468,0.23645993503589158,1
693,0.21501861917512743,-0.14726570873722927,1
143,-0.26064808434424813,0.13695415279071266,1
836,0.6625613390407422,0.0018391163631890292,2
966,0.2174022415244584,-0.6485822092110444,2
181,-0.1073491631144278,-0.28547033614466194,1
621,0.15366771988598374,-0.2766501605175821,1
580,-0.8494847928028386,-0.6279457019586434,0
502,0.1587425212012679,-0.20909288075604276,1
268,-0.0976557677446776,0.285219831121056,1
1495,0.09376532245684302,0.9834991429909365,0
599,0.2304837181981798,0.11819962902128728,1
405,0.16103339726243418,0.23055177562288257,1
12,-0.15296611022352252,-0.19962732359199062,1
527,-0.38650793310900394,0.9494110173881618,0
1143,-0.6738284126881096,-0.3243825615115553,2
1056,-0.47967836972538846,0.9122045410397329,0
62,0.19625604364430607,0.9475276976719905,0
1456,0.7308773970254953,-0.13837594359197178,2
1085,0.5489277872910152,0.48613121946362703,2
104,-0.9172237856654648,-0.08167180098404739,0
815,0.6711502069478931,-0.07208415711518483,2
1198,0.6466327346745964,-0.3539851321462911,2
1159,0.6004465588264214,-0.2061463406577839,2
665,0.8421774976057479,-0.6106363721370078,0
793,0.7071362602999781,0.03466864649409856,2
918,-0.7092185734989412,-0.024949165655750307,2
119,0.22208004740746642,0.21849042998637633,1
1228,0.7082632548686363,-0.01905234240989718,2
504,0.29803537830658516,-0.1523161666656207,1
1120,-0.010358812114540587,-0.6683329799116927,2
318,0.66209613755726,0.7101053290530863,0
1450,-0.507322935998776,0.4563922881955783,2
861,0.5041521602441189,0.8654408506599529,0
1092,0.6725059577194569,-0.05035401340372656,2
777,0.07302476499503491,-0.6891061151353742,2
85,0.1449412869612019,0.3349886878641253,1
1391,0.18465943457893186,-0.6726676241895466,2
1142,0.7658391518721104,-0.7039672276938829,0
1328,-0.6620889850412275,-0.7954933552310575,0
1404,-0.6135734790997914,0.26100227977749585,2
456,-0.11843631606732134,-0.31646260852867275,1
277,-0.21484095231277506,0.9477569805724791,0
1338,-0.6161805309124642,-0.3521302702601552,2
1178,0.7810013618383642,-0.4904383602326537,0
623,0.7956801588417861,-0.5899007797620519,0
549,-0.09714117458229724,-0.27097843272417776,1
362,0.2105073553332394,0.18513927810251163,1
303,0.17924900004700475,0.28941323101504096,1
1300,0.4208170290441715,0.6162062837318497,2
354,0.18706296460115743,0.18306524331142163,1
1358,-0.6779436453144122,0.1755242939848321,2
662,-0.07458607403054683,-0.34312089528157375,1
1258,-0.0176979843744247,0.7386014267353733,2
1117,-0.7650137596408318,-0.638242631552885,0
937,-0.19747565612946485,-0.6490174459872465,2
136,0.3232333038638078,-0.14486072240943526,1
140,0.20006618207721735,-0.1726954769106776,1
368,0.15236246009250215,0.2548273195293962,1
385,0.07067758545946266,-1.0051826592129454,0
1257,-0.46632185625499606,-0.5586611637306601,2
570,-0.06191632138562372,-1.01914944554801,0
1083,-0.48162979204539147,-0.8463949402208741,0
11,0.18092204398807551,-0.21511515577837564,1
172,0.21985394438697434,0.01990324036006983,1
770,-0.10997371305041362,-1.079356269444265,0
590,-0.9948413402402335,0.16321440173052182,0
743,-0.13507038797330087,-0.22610081578921054,1
1330,-0.8494847928028386,-0.6279457019586434,0
774,0.7096069874586476,0.10091852005718543,2
65,0.27316980015537307,-0.0319394711746988,1
366,-0.09728143724394048,0.28230809828279474,1
18,0.09946779893794672,-0.22208893168432953,1
141,-0.1607133910878319,-0.26961418126461406,1
562,0.2667037959175611,-0.08793763010507487,1
578,-0.6620889850412275,-0.7954933552310575,0
1441,0.37666440247222194,0.5686982947142166,2
214,-0.09033299678716042,0.28299047680685224,1
696,-0.2857172618982555,-0.15063170291987543,1
749,0.04101587190776283,0.3713820283361536,1
546,0.2304621993922248,0.22879915071845722,1
226,0.20692588874515586,-0.24879969933141974,1
1432,-0.01828685971959778,-0.6693903496415963,2
1169,0.5548879932345226,0.39301745325374915,2
89,0.31772979654300676,-0.978310327021503,0
920,-0.6841420926116908,-0.0638612282905203,2
1048,0.09003316672630356,-0.726702019107409,2
663,0.25998075381549995,-0.18802340564761388,1
103,-0.20188284850047414,0.20546620003221702,1
844,-0.6969209369574438,0.7925959494554312,0
811,0.7326554674146231,-0.031808466896872674,2
1006,-0.5521837939395091,0.49239571963957274,2
656,-0.0045743588869122335,0.33695068528643196,1
886,0.6829954044903562,-0.31970702906980825,2
593,0.05216410202101773,0.300056185378458,1
830,0.47533411410920173,-0.5215165936482571,2
1269,0.3111512630598238,0.704589491753237,2
1172,0.9535705185768282,-0.03376889980761619,0
77,-0.32196742096768366,-0.209226632119555,1
847,0.4651321663019472,0.8675441323154176,0
1025,0.6401581495213273,0.2507938671147763,2
592,0.36785723181956165,-0.019099264446788798,1
1219,-0.7214073962896208,0.6047715299635322,0
747,0.0333900087655986,-0.282851705766598,1
1026,-0.9046316083785856,-0.3573603387915557,0
117,-0.21047627427832213,0.21927264811447625,1
1243,1.0252229582668804,-0.08527517856146082,0
798,0.5925159568219047,0.40104670529318215,2
585,-0.24080901677110197,-0.19054752572591568,1
1473,-0.9583260415514052,-0.10046056393630515,0
911,0.6010838373573211,-0.0028625635629828186,2
1380,-0.6421493355891608,0.2905821138299965,2
1264,-0.700197100864986,-0.6831089240277061,0
1283,0.26730040104805164,-0.9874517465089975,0
307,-0.634560325186759,0.7245422332537886,0
273,0.8726982807530175,-0.498140695374666,0
130,0.25850057102484464,0.03648821675621829,1
1498,0.27288458096398116,0.6891350574035892,2
771,0.5922866564560826,0.3267550092946913,2
1333,0.7656410598167068,-0.04773980598466438,2
547,-0.9711217474546915,0.16692997192569753,0
1001,-0.4696115613909559,-0.5137423995431134,2
637,0.16707737481759788,-0.9850570458148932,0
272,0.22728508978253897,-0.16441293403608787,1
1278,0.3642940310770575,-0.7046654229240078,2
754,-0.7450726854582158,-0.6927007307618351,0
567,0.09834217631876194,1.0100576544968753,0
876,0.6362099139426528,-0.2809727025973154,2
1423,-0.3978205499254912,-0.5723222601293791,2
1119,0.5643643400059805,-0.49489778285952946,2
21,0.265750956169209,0.09572592792578428,1
1351,-0.641354777800855,0.2122717495858144,2
1491,-0.4744100244601752,0.4821502257429171,2
72,0.49416081062824047,-0.8978794774103013,0
379,0.18541804201701875,-0.19145940353402374,1
40,0.25923798843443263,-0.1188612701819891,1
176,-0.25876930950510973,0.13309738612780928,1
27,0.0030155414049243337,-0.29528038132369205,1
1028,-0.5172647776870649,-0.864667033427728,0
1008,-0.7373971415793003,-0.10952371712693541,2
48,0.23959946624792336,0.21276513242704914,1
851,-0.6117449815516993,-0.3540996955937597,2
730,-0.27896195408412205,0.10383743255481119,1
903,-0.20150812245038957,0.9755328705598459,0
675,0.2967376380566664,-0.1520021145769993,1
1343,0.1613448762279478,0.6848672540128924,2
816,-0.7420141053587799,0.23396940644600073,2
451,0.25615274426123474,-0.13316905797053133,1
676,-0.14338788191390966,0.3497343093781825,1
959,0.6489285366643633,0.8094404959870607,0
944,0.28553383124924375,-0.6884123051608717,2
751,-0.16446859061710745,0.675728524908416,2
1416,0.5216396915662165,-0.8666284996006125,0
114,0.2924023105814242,0.1691862230796756,1
1184,0.8566193569065493,0.6011746161698222,0
1100,-0.29590355178470484,0.9440930556336038,0
432,0.23010195814985532,0.18360448695496795,1
620,0.104522029691577,-0.22632564748306022,1
336,0.27076260539517544,0.08580100267672057,1
942,-0.5929300726432446,0.8128780303628476,0
26,0.5799327161473863,0.8460313748299592,0
710,-0.31446412343924784,0.057476295651985906,1
1288,0.6240003681108801,-0.3915309058999084,2
246,-0.209562751272893,-0.14603020015050683,1
88,-1.0452902127790398,-0.09235848011934247,0
382,-0.23844942989790874,-0.20469459113765978,1
1031,0.8655321456984587,-0.5132246403417666,0
963,0.188919805211235,0.6951456798487596,2
1303,0.6555337253667222,-0.628676763199451,0
1209,-0.14009346983630652,-0.7179686806251977,2
442,-0.14926789119403425,0.2651914027167003,1
1318,-0.3995948716616371,0.524829874808833,2
916,-0.949260397189142,0.2751066884328839,0
1296,0.5042810417637003,0.5203866016870218,2
258,-0.34193644368413467,-0.049433481478632496,1
1110,0.14777694556828308,0.7215419738425819,2
827,-0.6675367878448177,-0.4106759127738593,2
1279,0.338944513276354,-0.5807053938052498,2
169,0.03746635973393702,-1.0153029743124806,0
717,0.20324220180076155,0.19707090622592013,1
64,-0.2848428982254908,-0.06711548155240318,1
439,0.25658954656385663,0.15868136384867818,1
294,-0.9840805920959297,0.28033142026135427,0
683,1.0387224668457358,-0.09143935309774537,0
356,-0.21678256533548013,0.1886401552558708,1
9,-0.6756433879210755,0.7207970375926845,0
731,-0.342182578837035,0.20180338096313194,1
323,0.05940605917019917,0.2741363015750229,1
155,0.9991254369880858,0.17440714877557156,0
250,-0.1423569982660628,-0.22921690259858726,1
571,0.12853054122853858,0.22299746924528044,1
1189,0.5481769975324212,0.43250020622015367,2
187,-0.0931390536135062,-0.26286479045393696,1
609,0.19430804802470353,0.2418818963973105,1
1329,-0.528584507244099,0.817464318696536,0
887,0.37489883132834767,0.5889335613898199,2
795,0.8383098488539648,-0.5772250086170458,0
0,-0.3163220366964335,0.0010414520546570584,1
166,-0.949260397189142,0.2751066884328839,0
653,-0.25479244066745266,0.1286708695438663,1
351,-0.13387285968608725,0.1794565069135965,1
491,-0.19228702804919143,-0.19872637340271795,1
158,0.30417525338532564,0.028650544748608696,1
1213,0.49741805462192823,-0.4833286765560842,2
901,-0.06081498318300431,-0.7829785298147224,2
182,-0.599938243326824,-0.8760285079029227,0
497,0.26134568141991305,0.1670089810608257,1
627,0.7051950279756197,0.7386963224722667,0
506,-0.06422008684955717,0.3336495079172768,1
343,-0.12235768564479442,0.23697989059838115,1
287,-0.27672609931010367,0.08890308300644052,1
1466,0.33007096099030164,0.8987537072796294,0
1368,-0.5313056589821175,-0.38110372767146894,2
465,0.16769448197889425,-0.21470578398013826,1
1245,0.6424415628359814,0.29933400929393306,2
309,0.7561442837523765,0.6791230862278562,0
392,0.7658391518721104,-0.7039672276938829,0
388,-0.0595940313863281,-0.3154201034741174,1
1392,0.2994795553274554,0.9198203040354376,0
1173,-0.021342032537693,-0.7385806537956826,2
875,-0.383974321692568,0.5765356112365096,2
360,0.10763225962779711,0.32356156705006184,1
301,-0.9183267396195379,0.4819897296786077,0
1191,0.49992487348124515,0.4409626438145615,2
1359,0.5025133451350192,0.49685149229678643,2
633,0.2711323090386429,-0.2036226194641591,1
926,-0.639191916023171,0.25670418387778826,2
1069,0.7258423224363164,-0.07221731922123124,2
463,0.21995673229680623,-0.1952050666009215,1
1307,-0.7510254604307917,-0.1791464657367381,2
290,-0.010516523341834089,-0.23548274890990945,1
144,0.10956122428183543,-1.0625018890659395,0
1201,0.604226246129045,-0.330259994589848,2
300,0.6115508070410751,-0.8072727730675812,0
1371,0.38057529953668645,-0.6060631995689529,2
431,-0.9316633169467609,0.35937551350958674,0
828,-0.11182511528789979,0.668628323102843,2
1148,-0.216745214835967,0.902885633306185,0
720,-0.31767161914713155,0.11763670060924317,1
305,0.2642134967971367,-0.21168017258367383,1
252,1.0073751709978342,0.15419086141704416,0
495,0.27434882388963333,0.1427845425590521,1
1465,0.17029697998370755,0.6745446573882262,2
204,-0.22173901519626302,-0.190169660797516,1
86,0.2630665563983352,-0.01825861090871879,1
138,-0.11253223395879333,-0.22251157700628274,1
353,-0.06576723076371319,-0.27384128260559437,1
595,-0.1662551796750298,0.24597125839442274,1
109,-0.18965429439066256,-0.16089302735625713,1
471,-0.9371435692128817,0.28083668842134235,0
548,-0.22024653870049807,-0.15422428611992867,1
758,-0.6080692201666132,-0.37913982750603437,2
433,1.0120278293243596,0.18518254641631912,0
55,-0.9879843150800605,-0.20046075284495107,0
782,-0.6812816227020058,0.014620759261154564,2
1247,0.6043563438973739,0.3727847945734283,2
718,-0.9907373425735198,-0.3575625503988573,0
253,0.8494776454510493,0.23342877593955966,0
304,-0.2551558417961704,0.16078171276569667,1
542,-0.08995811993837177,0.289413922126303,1
1027,-0.21484095231277506,0.9477569805724791,0
641,0.042094683093631485,-0.2989360472069019,1
525,-0.02616141617772236,0.2730588627978735,1
989,-0.6859597472684965,0.1701081425591099,2
1458,-0.4022120791734342,-0.5639660796074374,2
361,0.12105823315251085,0.2701818231370972,1
565,-0.0652098993856072,-0.31949072090010966,1
223,-0.16604582593538428,0.22123670049399277,1
148,-0.21046400113339678,0.30859210525279385,1
714,0.11783820475550616,-0.3175902203657724,1
314,-0.20972757913236148,0.21629392415599805,1
1007,-0.14981668686252908,0.7552085027723104,2
1346,-0.6105585749158108,-0.250001982433974,2
927,-0.22256053378367557,-0.9350618373801696,0
572,-0.22407155619689623,-0.9948082293067491,0
4,-0.7450726854582158,-0.6927007307618351,0
25,-0.08867445581371945,-0.34190165735281963,1
1250,0.6602155269252257,0.37438844725958315,2
286,-0.25788579322064903,-0.004772815262768057,1
345,0.159609171855048,0.3121981561710325,1
424,-0.9643646263736433,0.04322993821533028,0
1406,0.0004520570664287883,0.7369191029679585,2
863,-0.8058498754503101,0.6473545563450845,0
1176,-0.19200804210095962,0.7106806540041615,2
340,-0.25609638072391755,-0.047404552044114506,1
492,0.3000898857328844,0.10060593972974924,1
1,-0.05046088562911703,0.2923198093014656,1
1082,-0.11816848677541694,0.6628815489802551,2
975,-0.6068407044041996,-0.4922435288372321,2
113,-0.8058498754503101,0.6473545563450845,0
126,0.2681171749963047,-0.12442323586243437,1
936,-0.9169844920594963,-0.4918255067067325,0
586,0.25621139868568166,-0.17715938911993093,1
1378,1.018825810228702,-0.03301730252323735,0
1393,0.3886466907174509,-0.9248970392248965,0
310,0.09259095557255423,-0.25709295699211226,1
1363,-0.5998304617031489,-0.37615244501184925,2
241,-0.9190117778712852,0.027487193851210026,0
344,0.26468868314895283,0.14677233323893302,1
210,-0.992625598981273,-0.43907173928074766,0
935,-0.5268886573127204,0.5983324978876884,2
1032,-0.7232788115775991,-0.6183254411808826,0
80,0.17035710970462264,-0.26269420902047935,1
753,-0.2510863629816117,0.6795253495430288,2
941,-0.6013807083793699,-0.8175618461687458,0
1403,-0.6208889097158197,0.28983344382933135,2
545,0.20602421799168347,0.1530575682590153,1
766,-0.748122474809977,0.5976899196432843,0
1271,-0.2281652514423013,0.6285498945561544,2
1280,-0.6905091450727021,0.7163796057091629,0
10,0.3793147290580996,0.9170613016629297,0
526,-0.13904272950171193,-1.0051779493979212,0
327,-0.42465473787970487,-0.9556158197341988,0
1138,-0.10473658533572087,-0.7128646276821208,2
1090,-0.6221928497722845,-0.20856712632957963,2
430,-0.2981715775794602,-0.064292222904767,1
606,-0.011849118525110891,-0.33623201304688455,1
485,-0.06558093936899001,-0.24753911955034805,1
1054,-0.5955536345140472,0.3708515647502149,2
1020,-0.204816768360752,0.6743598221172796,2
47,0.23242851231424147,-0.19465048952770192,1
1072,-1.0511840519374973,0.30037264227793836,0
645,-0.1052797104854227,1.0728413243045136,0
23,-0.21003055174113078,-0.0648371336017723,1
516,-0.3016066208087605,0.009080951759705646,1
1103,-0.24959917501230822,-0.6290958621310122,2
1166,0.18917233408433792,-0.7744838644597994,2
225,-0.31183545746093,-0.2221104055888224,1
15,0.25045275012881263,-0.18206242812391654,1
394,-0.3580964960010804,0.10755048550287001,1
536,0.3278994002114252,0.026658776310436484,1
1036,-0.6553303174286524,-0.04991536921216071,2
173,0.3277048812878177,-0.08236707755758196,1
600,-0.11540096257408648,0.9282405506050951,0
1459,-0.13641327887786261,-0.9997873005006546,0
634,0.8185892560049527,-0.5513644674386879,0
3,-0.09917472477289119,0.3094944668092456,1
29,-0.4511389530431643,0.776118255873056,0
452,0.0432343038143527,-0.28529998809053336,1
515,-0.0999607044980458,-0.2751771756824358,1
183,0.026283186189431852,0.25080697811811,1
810,0.22374779412475443,0.6092206528733922,2
1496,-0.6905101195287706,-0.0010156539854186278,2
1196,0.8780794449056879,0.4778419745051098,0
1162,-0.5758909894210723,0.37413883704658146,2
951,-1.0260982354031818,-0.21795924497567207,0
95,0.9651891382199859,0.19132804493918126,0
669,0.28906707840496093,0.21474658277270367,1
448,0.2847019136881886,-0.18367341552026226,1
1470,-0.7114973529588138,0.1876459241993535,2
791,0.5499180802249306,0.544241996406962,2
1315,-0.1549182037653598,-0.7093014700147405,2
14,0.04864106222457455,-0.2978131950422406,1
1398,-0.6308910547654616,0.3518043694798658,2
719,-0.05100299736410222,-0.2770872275407469,1
1316,-0.4364975058657283,0.8959685377336357,0
535,-0.2955727003782068,-0.1548388673747384,1
775,-0.12881914175420547,-0.7398820641453396,2
116,0.6034491565161181,-0.8226331762234815,0
1367,0.6540280691601599,-0.1630603363674848,2
315,-0.3185862332916439,-0.06542916026553827,1
559,1.012510302130983,-0.3039993562273649,0
868,0.7071263777963301,0.008738979508475964,2
1320,-0.06191632138562372,-1.01914944554801,0
789,0.41290961427217704,0.5423251400894256,2
628,1.018825810228702,-0.03301730252323735,0
174,0.3233196048352919,-0.048132297027301485,1
912,-0.5447147806360818,-0.39221213278929956,2
708,-0.16709797825644493,-0.2403592818574585,1
31,-0.13355873523449363,-1.0032564115363143,0
705,1.0045001916089695,-0.14973557666844434,0
1091,0.5166274698924139,0.47246986218482745,2
538,0.286269197910074,-0.17720018790830988,1
436,-0.28582025191914984,0.06302153799314436,1
243,0.25021219171840076,-0.24788852389206828,1
824,0.07408273172612892,-0.7141921135714078,2
206,0.05671952105415781,-0.2741396382696787,1
985,0.29457138967893737,0.7495218631831573,2
931,-0.27766087974045695,-0.6474011571310696,2
822,0.49416081062824047,-0.8978794774103013,0
1135,0.07067758545946266,-1.0051826592129454,0
575,0.3503101703252267,-0.9941433938161208,0
855,0.4735416662105282,0.9052853334768901,0
1070,-0.7185347692275182,0.6711502589160053,0
707,-0.17712597275050404,0.16038420527402056,1
170,-0.2852785325074452,-0.03373050607934718,1
231,-0.33072062240769706,0.049808941297357114,1
513,0.007802750271419521,-0.3188194452383044,1
1312,0.6621644938127267,-0.1480278657533776,2
399,-0.1814996255778282,0.2483504276004768,1
690,1.0541861635678351,-0.0031283736108832054,0
370,0.004717260953433071,-0.268617190855457,1
922,0.6198539443869743,0.01990324036006983,2
928,0.005809853996992806,0.6919872569980409,2
177,-0.22256053378367557,-0.9350618373801696,0
1012,0.6632531029258693,-0.27462135398408566,2
818,-0.2855808186565679,-0.6552451138028901,2
1087,-0.47919424722387227,-0.48781431987165635,2
644,-0.8463090753867625,0.5732677549423872,0
20,-0.10997371305041362,-1.079356269444265,0
1421,0.3335556081398479,-0.571785314735888,2
969,-0.3999791479652047,-0.6075066176215906,2
1268,0.013902023931357395,-0.6942980881493058,2
1186,-0.6595518289017945,0.20558628947844465,2
958,0.6501153805618131,-0.2500408077129207,2
1128,0.7149770536347044,-0.7751084262574746,0
280,0.04424953603278319,-0.2516172108584723,1
84,-0.23859298277709845,0.2097057365680692,1
821,-0.5050468469623776,0.5134055246880068,2
1210,-0.5616710731588588,-0.4563860225357769,2
888,-0.318308047471396,-0.5655222394837435,2
987,-1.0062092496797812,-0.000176004953924995,0
976,0.45406973398128964,-0.5633150721860672,2
423,0.003774175274032277,-0.339369962424374,1
1157,0.5712143353005563,-0.2823909968729314,2
954,-0.4767086110957388,-0.4983749579078317,2
438,-0.03126061966438292,-0.31080108870892026,1
994,0.6498988732297412,0.11804118833511162,2
1372,0.25097837447416005,-0.6643224139868352,2
879,-0.10483475481350371,-0.6294222251672904,2
518,0.013902023931357468,-0.29429808814930586,1
1212,-0.15908234420561795,-0.7046945215965981,2
17,0.1698222374357733,0.25127149511453245,1
899,-0.34558469099050726,0.6591676012470657,2
953,0.6096784159339664,0.2267782817480145,2
1145,-1.004231391457221,0.16735516089749242,0
967,0.6782680864489641,0.24193022923782168,2
514,-0.700197100864986,-0.6831089240277061,0
1051,-0.9183267396195379,0.4819897296786077,0
1425,0.6397483005341275,-0.3577779280896016,2
245,-0.1502451709457792,0.268369530611663,1
1420,-0.3769746061077595,-0.9574191970214727,0
882,0.5298648484955222,0.4237303402516055,2
1244,0.672866243145275,0.09048864123666905,2
487,0.03632811029733253,0.291071461928528,1
664,0.24639660123325116,-0.15750009339477958,1
767,0.32173387564449374,0.6213023778483157,2
1297,-0.9711217474546915,0.16692997192569753,0
248,0.015680990961840217,0.33243838098885126,1
1374,-0.6554821883075055,0.2858420742264787,2
878,-0.7443721704608077,0.031243195726160425,2
902,-0.7014975561059773,0.7178697577497367,0
449,0.9884774681565751,0.23388931614993488,0
923,0.7175156304024485,-0.17207538193733424,2
279,-0.3035627871005084,0.11303270577819023,1
1397,0.67871796440175,-0.27036167669898675,2
1221,-0.9371435692128817,0.28083668842134235,0
1202,0.17161174773723648,-0.664139310088431,2
1231,-0.3060329821406638,0.520679969444656,2
1370,0.3671563319927597,-0.5280261997775015,2
453,0.0001736279987277628,1.028925337138058,0
626,-0.02077419245405883,-0.28308744240578004,1
647,0.30322442134020045,-0.13250450742918007,1
102,-0.7174761926552068,-0.732878971505217,0
1305,0.6638089715091857,0.146947130276858,2
1107,0.9134247899846044,-0.3389663445939797,0
161,0.20187314598601258,-0.027978771374708163,1
1265,-0.2657109368953595,-0.6392195639564341,2
363,0.3035392332123501,0.18823941435838276,1
1355,0.9460746188304292,-0.08267242803064939,0
1454,0.1576808716062733,0.7156658454681301,2
610,0.9042289466248924,0.482304140501357,0
1187,0.5203907564487295,0.6032204716390855,2
1226,-0.7824186765262959,0.046292314464411365,2
761,0.49543741684272313,-0.4622590010145093,2
1089,0.4531763313512613,0.6333420755963379,2
1409,-0.38278047892363876,0.6642703817127495,2
784,0.10556897029304815,0.7105395768314556,2
355,0.017700581205569624,0.32570905315722626,1
400,0.2051893323883716,-0.19161198506422705,1
968,0.5793095436260042,0.2715558500310842,2
1093,-0.3574717865617836,0.5605866883483601,2
1024,0.3542665290124169,0.6011592565485159,2
284,0.22352262041071688,0.12772517149393497,1
760,0.3793147290580996,0.9170613016629297,0
1415,0.8421774976057479,-0.6106363721370078,0
802,-0.6083346792742733,-0.37213167781724266,2
874,-0.1368550443595521,0.7034544365652216,2
503,-0.22472032035210146,0.20472921269765382,1
364,-0.2917305385486625,0.10671827105098966,1
877,0.1953422460708406,0.7589548864513818,2
1395,-0.1052797104854227,1.0728413243045136,0
523,-0.07906759499561002,-0.33851644544735365,1
1298,-0.5408733326488486,-0.3933862793429362,2
54,-0.29849492982967324,-0.12673714304026137,1
96,-0.25877239217591386,-0.06026301837137227,1
410,-0.22927490550923685,-0.9748709215040441,0
814,-0.6620391125826366,-0.20024329936159785,2
574,-0.545908227832434,-0.9737435489519923,0
1440,1.0541861635678351,-0.0031283736108832054,0
1158,0.3579166772050866,-0.5598181027257696,2
1161,-0.8179974467934921,0.6027683703565956,0
1354,0.6234866930262978,0.4381399569100634,2
957,-0.8645917764821031,-0.5641987687445418,0
965,-0.6756345189747176,0.2585974232101781,2
1059,0.7561442837523765,0.6791230862278562,0
956,0.10186207500355043,-0.671584162477682,2
660,0.39446446984358624,-0.8911589851765546,0
1097,0.40688340712598126,-0.6088966165864274,2
1275,-0.08127753245157758,0.669243433076534,2
1260,0.5035716825335963,-0.4359072336707781,2
1167,-0.7751519953628667,0.5762934877159239,0
576,-0.3721913639495438,0.8452871874987401,0
869,0.5396762068666006,0.46166254906421844,2
494,0.27904050933359287,0.020479417646558633,1
230,0.2558859741459471,0.24678195240394526,1
781,-0.13355873523449363,-1.0032564115363143,0
238,0.12484553916008119,-0.2897685584073956,1
687,-0.9547792698434229,0.3926340026559808,0
1263,0.032918958083145,-0.7180301366096129,2
970,-0.4029083239025619,-0.9327546674012247,0
1332,-0.18451856449551268,0.6982080186660169,2
189,0.3061575028998814,0.012450487943509555,1
37,-0.3597741320278362,0.004450543620087191,1
1003,0.8494776454510493,0.23342877593955966,0
1022,0.5933815588309059,-0.325575508321553,2
1241,-0.483874479017756,-0.47254521577419345,2
341,0.2216222229491444,0.20233673893641763,1
94,-0.6969209369574438,0.7925959494554312,0
1139,0.226845430143971,-0.9435633086823366,0
1154,-0.6631812078659605,0.08494633656371435,2
1248,0.10005170665750487,-0.6621454591804764,2
70,-0.23160536728737346,0.29283352069761626,1
1099,0.9198161970838041,-0.30202315662982016,0
1180,-0.6976663602218672,-0.044194495632859127,2
651,0.035737380102222625,0.295582503382586,1
794,-0.6517586543220979,0.07174551827516126,2
552,0.9596578716052958,0.1946437010009684,0
744,-0.9495640140114829,-0.03387663453721118,0
98,0.5879124553108152,-0.7883801766888713,0
1171,0.43356206305634803,0.5844448317416746,2
162,-0.2181790803492083,-0.1611830514203925,1
434,0.8566193569065493,0.6011746161698222,0
1386,-0.634617062847416,-0.09996526986149323,2
612,-1.0078901277610004,0.07595865709860046,0
1016,-0.02510115204180594,0.9685317691931132,0
555,0.2683482736140202,0.08685689462855516,1
617,0.27208225126150265,-0.044243703736670796,1
1308,-0.6372385689386694,-0.2859039763752629,2
1238,-0.5910166773870296,-0.8010321352431613,0
1115,-0.4478417197619737,0.8413326005954581,0
357,0.9134247899846044,-0.3389663445939797,0
1379,-0.9610304182434811,-0.27026079514548507,0
512,0.1866271507007314,-0.18167478401122306,1
101,-0.28813818380172046,-0.11898559467677036,1
387,0.5323305075654315,0.8825399686488241,0
1086,0.6581958698466279,0.1852769575426625,2
833,0.2008652224859117,-0.724258842808863,2
1122,-0.5068168344615122,-0.5209381668172522,2
752,-0.32389194174124897,-1.010978171891914,0
1240,0.9779932959179979,0.24120549074596406,0
1326,-0.3721913639495438,0.8452871874987401,0
51,0.6026925938278049,0.825374378748498,0
291,0.04248455764559096,0.2760477795679472,1
1095,0.34344111610364314,0.6674527356964504,2
674,0.04764560762094176,0.2752132502723669,1
1067,-0.28333372312515887,-0.6909625888871815,2
1457,-0.44725909599891384,0.4553894522172901,2
1181,-0.9316633169467609,0.35937551350958674,0
831,0.033672456741910925,0.9803604018113115,0
91,0.7649564164074815,0.6178193319998647,0
594,0.7184477737800008,0.6299642340553004,0
531,0.1703573864869642,0.19411945478431467,1
835,0.29219110803507303,0.7068992822194259,2
1068,0.66209613755726,0.7101053290530863,0
1314,-0.3231726603551228,0.6289175233081763,2
134,0.09432899589516777,-0.9348531624152429,0
608,-0.3007474309572665,0.04239647617563749,1
419,0.23128119548454373,0.15790335233675992,1
131,-0.8177406472014002,-0.527980172907356,0
883,-0.581692395422688,0.34909733370629475,2
215,-0.2894818634414081,0.15426082069421926,1
746,-0.29054170184724415,0.004010761967922409,1
726,0.28679997295007265,0.08544162055259379,1
537,-0.254034084600361,0.22719556307146394,1
213,0.07491210022324453,0.3117369642418093,1
493,1.0252229582668804,-0.08527517856146082,0
636,-0.23994268516426887,-0.034910403783539844,1
764,0.10375717849842982,-0.6939977653209011,2
1373,0.7956801588417861,-0.5899007797620519,0
1188,-0.0664010982846802,-0.7092545323661892,2
850,0.6401022912510264,0.22935364066897412,2
924,0.7081306734697261,-0.15731307123423155,2
925,-0.4455821993764167,-0.5477516949753739,2
715,0.09534445414941775,0.28162975709675075,1
727,1.05357744375558,0.2667747072644381,0
543,-0.17521925879400158,-0.20543817343562032,1
661,-0.2825687668538107,-0.12681133479397677,1
82,0.08110367784313567,-0.30338874576108343,1
153,-0.20150812245038957,0.9755328705598459,0
655,-0.647554137484296,-0.7711540732835781,0
622,0.09442890773927885,-0.29622967504048725,1
1035,-0.6488446696418693,0.3629353198857647,2
517,-0.17778851609619417,-0.16458862455682388,1
475,-0.17231004188641696,0.2569516368052559,1
24,0.3127611069328564,0.05078522663146373,1
984,0.14965887728977714,-0.7057360350221052,2
1414,0.534520211188414,-0.4349614157199014,2
447,0.2143714827891302,-0.2792622365077956,1
53,-0.6036059340896935,0.7451870221439968,0
838,-1.0452902127790398,-0.09235848011934247,0
1464,0.255695374025313,-0.6930837634273219,2
229,-0.08670596730774947,-0.27671391158568404,1
1287,-0.5386483554840751,0.5082555509910035,2
33,-0.40689927318629754,-0.8929144324613162,0
619,0.24712658196230144,-0.15292942811528942,1
1233,-0.6750226151964507,0.07894354882647059,2
1336,0.609127889259663,-0.3654409619860639,2
1472,-0.21416235024407804,0.6001459785345831,2
1306,-0.6353940863964345,-0.3185508726322072,2
736,0.1492043972505777,0.3126465258730154,1
787,-0.7459267875611457,-0.09988605889587154,2
632,0.25841652729291287,-0.09983615785658752,1
1193,0.25774570101775557,-0.6085314484202167,2
700,-0.2157354850302113,0.18257344582410293,1
490,0.9779932959179979,0.24120549074596406,0
108,-0.9858126285928869,-0.09247388278899676,0
395,-1.004231391457221,0.16735516089749242,0
483,-0.27883804491779024,0.023827432552615387,1
858,-0.9858126285928869,-0.09247388278899676,0
1289,-0.9869224666019873,-0.15759785152723696,0
807,1.013998088934523,0.033068755558575726,0
197,-0.29890808117986006,-0.010093935559208869,1
417,-0.7751519953628667,0.5762934877159239,0
324,0.9956384453448391,0.3671607491934783,0
1065,-0.7105282542453426,-0.14531315247130117,2
41,0.2617944702697679,0.26678067408184003,1
1195,0.5966928389245463,-0.4076782607729904,2
723,-0.9583260415514052,-0.10046056393630515,0
703,0.29404333786445297,0.9288657951925553,0
100,0.2629060768938806,0.09622582285977947,1
561,0.2477380410485173,0.12404820370822844,1
1310,-0.5088473747912098,-0.4623394717893602,2
568,-0.14462527576216117,0.2166245776985174,1
550,0.21936774838986717,0.27063691685471564,1
414,-0.18019385870439872,-0.23498805027718728,1
1141,0.6842383213587371,0.17866159736624262,2
630,-0.2802185146027529,0.1202703972039675,1
616,-0.15559216758759187,-0.31310241213514534,1
1192,-0.29183264267933456,0.6389229796993451,2
1151,-0.33781659280462417,-0.8770208094646995,0
220,-0.4029083239025619,-0.9327546674012247,0
1381,0.10636227396177939,0.6952506369219863,2
849,-0.7275608361761765,0.11580948384791048,2
892,0.6204920641857026,0.1324773431354588,2
45,0.8383098488539648,-0.5772250086170458,0
613,-0.26209929150234285,-0.16182172702025058,1
1199,0.9884774681565751,0.23388931614993488,0
481,-0.10894204552134727,0.1726064675768457,1
38,-0.8711919699362685,0.4189924825265937,0
919,0.03746635973393702,-1.0153029743124806,0
1046,-0.2842744670474981,-0.6703080929724748,2
477,-0.18921637472558825,0.2382019831848525,1
233,0.27171880337658144,0.12139422563787616,1
694,-0.21273245764134827,-0.19187180043205931,1
938,0.24637887200886552,-0.9931433692567749,0
461,0.6579372818776663,-0.7386324717004488,0
1236,0.312522727664488,0.5690433821623171,2
298,0.07998112854896855,-0.32682834339408906,1
1340,-0.9948413402402335,0.16321440173052182,0
1018,-0.2307835855538723,0.6624160454782018,2
1469,-0.02087227515292895,-0.6759507876449924,2
297,-0.1852920338318906,-0.21311943203492295,1
302,0.05159605598238118,-0.3462857208159875,1
216,0.07015242045058709,-0.27667161485574393,1
978,0.8123505066467916,-0.5448777640710082,0
167,0.14023779179224266,-0.9439441357566827,0
1063,0.9425755485985488,0.4594384026916214,0
1050,0.6115508070410751,-0.8072727730675812,0
629,-0.9610304182434811,-0.27026079514548507,0
1105,-0.027441972743823047,0.7231535773652296,2
748,0.1397567631547865,0.31193884304644337,1
558,-0.26174502587711984,-0.14804680710545598,1
261,0.21500548659695412,-0.12617757207721525,1
1211,0.6579372818776663,-0.7386324717004488,0
482,0.2725194494630523,-0.05023817420278055,1
1114,-0.6557729268226608,0.2724685034483032,2
1468,-0.9907373425735198,-0.3575625503988573,0
396,0.296708522584588,-0.8993053989188022,0
684,-0.23317504449417742,0.14754262326761783,1
588,-0.26565785889491883,-0.15942880061946904,1
1492,-0.5925566244154014,-0.28321043684372615,2
472,0.9224508520814607,0.25843164109953276,0
444,0.45686705136929423,-0.9053178369175822,0
977,0.6184005220098819,-0.3349369486123846,2
469,-0.7214073962896208,0.6047715299635322,0
90,-0.2850531146324333,-0.10655442781001602,1
625,0.2798532413829972,0.09723260674893172,1
1165,-0.6614615950710254,0.1489825324563095,2
1407,-0.24881121490616842,-0.636325440347017,2
862,0.17839085966393914,1.0239331363102668,0
421,0.19440006983334046,0.263818037793324,1
1118,0.3450639297331883,0.6053499915469416,2
873,0.40491498033307755,0.5793335846630143,2
682,-0.02331327567293879,-0.2694219319600698,1
218,0.2240549641005864,0.08772390578248905,1
222,-0.7968013662904494,0.5847767583074303,0
834,-0.5841623496542325,0.4111550172223736,2
1266,-0.6990511450167638,0.054223505709098216,2
1129,0.42458003524002624,-0.5120861974823743,2
383,0.2720196762575611,-0.17815939087794544,1
1448,-0.0762361394174972,0.7082434129274395,2
1075,0.19691013274484206,-0.6445497975021414,2
584,-0.2591509810949845,-0.13479041330591437,1
43,0.309155853507458,-0.005476039446387398,1
59,-0.3017382758240182,-0.18207157637239954,1
1106,-0.4756049499632579,0.4936171596604499,2
986,0.7287534370062637,-0.1845328406990043,2
946,-0.6389870077500953,0.038069323855295746,2
702,-0.0664365687903752,-1.0626266723417455,0
596,-0.22714985930886042,-0.1359942774459835,1
467,0.16733657927915344,-0.301278621965053,1
67,0.03795953439687182,1.0721709985256014,0
1285,-0.677518518276864,-0.27365550000555244,2
1049,-0.6196994366305574,-0.8072895130765884,0
128,-0.3496977927776605,-0.03381167035179291,1
1254,0.6436047451837192,-0.35376544731992504,2
139,-0.08663558890164247,-0.2857202893582231,1
672,0.030196673010360817,0.3712023746420029,1
1357,0.7104809056579822,0.16128374429125233,2
734,0.394723381765668,-0.011524507144441677,1
1256,-0.08431781412146505,0.7331442905596838,2
649,-0.2964635095897476,-0.008894776313457375,1
1394,-0.8463090753867625,0.5732677549423872,0
666,0.5216396915662165,-0.8666284996006125,0
75,0.1257384298035478,0.3242532898261547,1
932,-0.599938243326824,-0.8760285079029227,0
78,-0.08670890747617443,0.26941763173153455,1
929,0.6314477978545531,-0.12737592413591248,2
1486,0.2870615665203845,0.6881400689345649,2
1074,0.9956384453448391,0.3671607491934783,0
799,0.5891702644673622,0.8982411664163865,0
111,0.5041521602441189,0.8654408506599529,0
631,0.02155942999295759,0.3043433874947089,1
1255,0.4868280880725089,0.4154242191847466,2
352,-0.2419702648657917,-0.08214774091710549,1
999,-0.24872099000198386,0.9309488614229247,0
335,0.26786779937147565,0.2015169485799129,1
13,0.21569534507835036,-0.2087539389082903,1
1113,0.6610758028728556,0.3675927007943956,2
893,-0.615902663869666,0.3207860970393078,2
1412,-0.079612489983888,-0.7430893129631002,2
145,0.6895115377900669,0.818648832265863,0
32,-0.2814079469886859,0.004568721083819616,1
359,0.3126441204451732,-0.09254418720433816,1
945,-0.17135155576895347,-0.7649353591051774,2
